{
  "13": {
    "0": {
      "CO*": 0.97587833442,
      "CHO*": 4.5571797421e-17,
      "H2O*": 0.012479595242,
      "COCO*": 8.6198006831e-07,
      "H*": 2.5217980231e-07,
      "*": 0.011640094193
    },
    "-0.1": {
      "CO*": 0.98558558324,
      "CHO*": 1.1998547507e-15,
      "H2O*": 0.0085982986392,
      "COCO*": 2.0453637771e-06,
      "H*": 4.3251131174e-05,
      "*": 0.0057687762573
    },
    "-0.2": {
      "CO*": 0.98404197368,
      "CHO*": 3.1230706427e-14,
      "H2O*": 0.0058565946399,
      "COCO*": 4.7433495247e-06,
      "H*": 0.0072655587343,
      "*": 0.0028263862449
    },
    "-0.3": {
      "CO*": 0.89428897102,
      "CHO*": 7.3991172713e-13,
      "H2O*": 0.003630970967,
      "COCO*": 9.1135931234e-06,
      "H*": 0.10080138467,
      "*": 0.0012604461522
    },
    "-0.4": {
      "CO*": 0.97777521162,
      "CHO*": 2.1089918922e-11,
      "H2O*": 0.0027083032016,
      "COCO*": 2.5344745632e-05,
      "H*": 0.018789535223,
      "*": 0.00067626043495
    },
    "-0.5": {
      "CO*": 0.99469172699,
      "CHO*": 5.5931728961e-10,
      "H2O*": 0.0018795769932,
      "COCO*": 6.1018693952e-05,
      "H*": 0.0029690661748,
      "*": 0.00033759188378
    },
    "-0.6": {
      "CO*": 0.99779928614,
      "CHO*": 1.4626714311e-08,
      "H2O*": 0.0012862581138,
      "COCO*": 0.00014283948602,
      "H*": 0.00046258348637,
      "*": 0.00016617864542
    },
    "-0.7": {
      "CO*": 0.9983029555,
      "CHO*": 3.8150461694e-07,
      "H2O*": 0.00087793103656,
      "COCO*": 0.00033263092206,
      "H*": 7.188273708e-05,
      "*": 8.1587366874e-05
    },
    "-0.8": {
      "CO*": 0.99779420752,
      "CHO*": 9.9405925028e-06,
      "H2O*": 0.00059861913083,
      "COCO*": 0.00077302914435,
      "H*": 1.115878732e-05,
      "*": 4.0015668184e-05
    },
    "-0.9": {
      "CO*": 0.99573072105,
      "CHO*": 0.00025861103386,
      "H2O*": 0.00040752303017,
      "COCO*": 0.0017909098661,
      "H*": 1.7295008126e-06,
      "*": 1.9595643771e-05
    },
    "-1.0": {
      "CO*": 0.98489457274,
      "CHO*": 0.0066685089682,
      "H2O*": 0.00027493055158,
      "COCO*": 0.0040761054376,
      "H*": 2.6564021446e-07,
      "*": 9.5112130106e-06
    }
  }
}